Nom Entreprise,Cle Audit,Lien Vitrine Unique,Secteur d'activite
"ARTITOIT","audit-artitoit-xtiv","https://signaid.eu/profil?uid=8cb97647-222f-43be-a3dd-589f7dd4b108&showcase=true","Toitures & Isolation"
"Beltoitures","audit-beltoitures-h8f2","https://signaid.eu/profil?uid=853a359d-1063-4017-9371-65a4b6a92b2f&showcase=true","Toitures & Rénovation"
"C.T.A. CONSTRUCT","audit-ctaconstruct-2run","https://signaid.eu/profil?uid=e20e02fa-af92-4f4a-8672-f5d589d774b2&showcase=true","Maçonnerie & Gros Œuvre"
"Callens M","audit-callensm-en2b","https://signaid.eu/profil?uid=c6969563-6742-4159-8a7d-7abcd97d00ba&showcase=true","Terrassement & Démolition"
"CLN Habitat","audit-clnhabitat-atp6","https://signaid.eu/profil?uid=539d2377-cfac-4728-a918-146ef1f4000b&showcase=true","Rénovation & Transformation"
"Collard Pol","audit-collardpol-hhgg","https://signaid.eu/profil?uid=d95690f4-d4ae-4969-841b-dd2d7d43fb82&showcase=true","Maçonnerie & Gros Œuvre"
"CS Toiture Charleroi","audit-cstoiturecharleroi-ffy3","https://signaid.eu/profil?uid=ffaa3e1d-50a2-488e-be3f-16d7daf6459f&showcase=true","Toitures & Isolation"
"DEBRY C.","audit-debryc-tjly","https://signaid.eu/profil?uid=0df4cdf3-e9a8-4dce-8a82-e4059d2f89f1&showcase=true","Maçonnerie & Construction Générale"
"Frateur Piscines & Jardins","audit-frateurpiscinesjardins-z2wk","https://signaid.eu/profil?uid=e5ca8229-2ab7-41fe-98c0-f5e64050a875&showcase=true","Création de Piscines & Aménagements Paysagers"
"Hastir SRL","audit-hastirsrl-u2qc","https://signaid.eu/profil?uid=cb164505-c5bb-4331-bf10-7617b9600704&showcase=true","Terrassement & Génie Civil"
"JCL Toitures","audit-jcltoitures-eqdy","https://signaid.eu/profil?uid=6cd57e79-2961-4203-bd38-c7c388194931&showcase=true","Toitures, Ardoises & Tuiles"
"JMS Construct","audit-jmsconstruct-v3xh","https://signaid.eu/profil?uid=9231ea41-8226-4625-8629-cecab8e397b4&showcase=true","Maçonnerie & Gros Œuvre"
"MT Construction","audit-mtconstruction-q9tz","https://signaid.eu/profil?uid=85f72198-2caa-43a0-90de-fd26eb8a3b57&showcase=true","Rénovation & Construction"
"Nicolas Dor","audit-nicolasdor-5mkx","https://signaid.eu/profil?uid=3959326e-b5fe-497d-b174-b96b52aae5b7&showcase=true","Terrassement, Nivellement & Égouttage"
"NVDK Srl","audit-nvdksrl-6sre","https://signaid.eu/profil?uid=2ff657c2-135f-42c3-82ed-65a207866786&showcase=true","Terrassement & Aménagements Extérieurs"
"Thewissen SRL","audit-thewissensrl-n6qd","https://signaid.eu/profil?uid=f44b4d83-16c0-412e-8e34-8b5059d15c51&showcase=true","Terrassement & Assainissement"
"Toitures Araguez","audit-toituresaraguez-mpgl","https://signaid.eu/profil?uid=5f1f02d6-3fe8-40e0-ae0f-162b4c0b179f&showcase=true","Toitures & Zinguerie"
"Toiture Napolitano","audit-toiturenapolitano-vv5y","https://signaid.eu/profil?uid=f32dcd2d-8e64-4b71-88a1-ffdd76362088&showcase=true","Charpente & Couverture"
"Toiture Pongoli","audit-toiturepongoli-fdvn","https://signaid.eu/profil?uid=f2986c61-22a1-46e7-9105-f76661597087&showcase=true","Toitures & Zinguerie"
"Toiture Vankrevelen","audit-toiturevankrevelen-j9j3","https://signaid.eu/profil?uid=840fd84d-b997-4c23-8ea9-c16ef91a0d25&showcase=true","Toitures & Toits Plats"
